Rank,Team,Current_Value_Millions,One_Year_Value_Change_Percent,Revenue_Millions,Operating_Income_Millions,Owner,Year,Data_Source
1,Golden State Warriors,0,0.0,0,0,,2024,Forbes - Manual Entry Required
2,New York Knicks,0,0.0,0,0,,2024,Forbes - Manual Entry Required
3,Los Angeles Lakers,0,0.0,0,0,,2024,Forbes - Manual Entry Required
4,Boston Celtics,0,0.0,0,0,,2024,Forbes - Manual Entry Required
5,Los Angeles Clippers,0,0.0,0,0,,2024,Forbes - Manual Entry Required
6,Chicago Bulls,0,0.0,0,0,,2024,Forbes - Manual Entry Required
7,Brooklyn Nets,0,0.0,0,0,,2024,Forbes - Manual Entry Required
8,Houston Rockets,0,0.0,0,0,,2024,Forbes - Manual Entry Required
9,Dallas Mavericks,0,0.0,0,0,,2024,Forbes - Manual Entry Required
10,Toronto Raptors,0,0.0,0,0,,2024,Forbes - Manual Entry Required
11,Philadelphia 76ers,0,0.0,0,0,,2024,Forbes - Manual Entry Required
12,Miami Heat,0,0.0,0,0,,2024,Forbes - Manual Entry Required
13,Phoenix Suns,0,0.0,0,0,,2024,Forbes - Manual Entry Required
14,Milwaukee Bucks,0,0.0,0,0,,2024,Forbes - Manual Entry Required
15,Denver Nuggets,0,0.0,0,0,,2024,Forbes - Manual Entry Required
16,Cleveland Cavaliers,0,0.0,0,0,,2024,Forbes - Manual Entry Required
17,Portland Trail Blazers,0,0.0,0,0,,2024,Forbes - Manual Entry Required
18,Sacramento Kings,0,0.0,0,0,,2024,Forbes - Manual Entry Required
19,San Antonio Spurs,0,0.0,0,0,,2024,Forbes - Manual Entry Required
20,Washington Wizards,0,0.0,0,0,,2024,Forbes - Manual Entry Required
21,Atlanta Hawks,0,0.0,0,0,,2024,Forbes - Manual Entry Required
22,Utah Jazz,0,0.0,0,0,,2024,Forbes - Manual Entry Required
23,Indiana Pacers,0,0.0,0,0,,2024,Forbes - Manual Entry Required
24,Orlando Magic,0,0.0,0,0,,2024,Forbes - Manual Entry Required
25,Charlotte Hornets,0,0.0,0,0,,2024,Forbes - Manual Entry Required
26,Oklahoma City Thunder,0,0.0,0,0,,2024,Forbes - Manual Entry Required
27,Detroit Pistons,0,0.0,0,0,,2024,Forbes - Manual Entry Required
28,Minnesota Timberwolves,0,0.0,0,0,,2024,Forbes - Manual Entry Required
29,New Orleans Pelicans,0,0.0,0,0,,2024,Forbes - Manual Entry Required
30,Memphis Grizzlies,0,0.0,0,0,,2024,Forbes - Manual Entry Required
