Player,Reddit_Mentions,Twitter_Mentions,News_Articles_30d,YouTube_Videos_30d,Instagram_Posts_Tagged,Media_Buzz_Score,Controversy_Index,Fan_Sentiment,Data_Source
LeBron James,0,0,0,0,0,0,0.0,Neutral,Multi-platform - Manual
Stephen Curry,0,0,0,0,0,0,0.0,Neutral,Multi-platform - Manual
Giannis Antetokounmpo,0,0,0,0,0,0,0.0,Neutral,Multi-platform - Manual
Luka Doncic,0,0,0,0,0,0,0.0,Neutral,Multi-platform - Manual
Nikola Jokic,0,0,0,0,0,0,0.0,Neutral,Multi-platform - Manual
Joel Embiid,0,0,0,0,0,0,0.0,Neutral,Multi-platform - Manual
Kevin Durant,0,0,0,0,0,0,0.0,Neutral,Multi-platform - Manual
Damian Lillard,0,0,0,0,0,0,0.0,Neutral,Multi-platform - Manual
Jayson Tatum,0,0,0,0,0,0,0.0,Neutral,Multi-platform - Manual
Anthony Edwards,0,0,0,0,0,0,0.0,Neutral,Multi-platform - Manual
Victor Wembanyama,0,0,0,0,0,0,0.0,Neutral,Multi-platform - Manual
Ja Morant,0,0,0,0,0,0,0.0,Neutral,Multi-platform - Manual
