Keyword,Total_Posts_30d,Total_Comments_30d,Average_Upvotes,Sentiment_Score,Trending_Up,Peak_Discussion_Date,Data_Source
NBA expansion,0,0,0,0.0,False,,r/nba - Manual Collection
Seattle NBA,0,0,0,0.0,False,,r/nba - Manual Collection
Las Vegas NBA,0,0,0,0.0,False,,r/nba - Manual Collection
LeBron James,0,0,0,0.0,False,,r/nba - Manual Collection
Stephen Curry,0,0,0,0.0,False,,r/nba - Manual Collection
Nikola Jokic,0,0,0,0.0,False,,r/nba - Manual Collection
Lakers,0,0,0,0.0,False,,r/nba - Manual Collection
Warriors,0,0,0,0.0,False,,r/nba - Manual Collection
Celtics,0,0,0,0.0,False,,r/nba - Manual Collection
NBA playoffs,0,0,0,0.0,False,,r/nba - Manual Collection
NBA Finals,0,0,0,0.0,False,,r/nba - Manual Collection
